mpg,cylinders,displacement,horsepower,weight,acceleration,model_year,origin,name
32.73684321106825,4,290.30782607955217,238.32003922721148,2106.55550465031,19.57122241224462,82,1,car_0
17.390739666643206,6,412.64024340224205,250.0,3206.695135704041,12.747484425213766,82,3,car_1
22.143520049337987,4,311.8043371903276,248.56101594273775,2517.9686224633047,19.855199149448065,79,2,car_2
13.036640908128536,8,487.1465058235342,250.0,3978.0483305847756,13.870426204114134,72,1,car_3
29.60550057789829,4,253.9749697940996,250.0,2272.607569921358,18.468932803833255,79,1,car_4
13.19761894258881,6,477.88630571186866,250.0,3871.286225603301,16.366520697510182,79,2,car_5
18.039636193777568,6,433.22773870365654,250.0,3370.9279637098784,20.611044020023925,73,1,car_6
36.85665303841236,4,205.87492418774548,211.0820636829381,1500.0,19.726390086101013,80,1,car_7
33.77476953862164,4,216.23236274536015,197.1187454182596,1788.7562781242016,16.913938157954252,82,1,car_8
16.388511057086088,6,500.0,250.0,3976.5258438484325,17.60225227278409,74,3,car_9
13.09117004600371,6,468.51429625920264,250.0,3731.250921270786,23.19598879639215,77,1,car_10
27.51071736981028,6,331.98408524798276,158.50422097113335,2708.3785854134817,20.011990178447025,81,1,car_11
29.446712607142217,6,286.1209149395944,224.23802569701172,2392.8451357657013,17.929653823033213,73,3,car_12
28.059627217375,4,321.08253964912876,250.0,2622.607362020324,15.376553723965747,82,1,car_13
19.00197574949605,8,398.86855755003006,250.0,3156.8448397513002,15.49368065842555,73,2,car_14
34.29307782271272,4,293.105309517631,210.88103592381168,2184.5661153323617,20.355412649573328,82,1,car_15
24.77143048177571,6,346.31216440116464,250.0,2647.94036143411,15.19465192160087,73,3,car_16
10.478737426608106,8,500.0,250.0,4169.651965025086,16.33841431821232,79,1,car_17
17.59491894094299,8,500.0,250.0,3915.282752320656,20.897573984697576,76,1,car_18
31.27373877048939,4,270.9409691454857,250.0,1898.3191946763936,19.05285798439457,74,1,car_19
28.022566110496278,4,310.62910109079434,225.67394067724655,2716.9477450288014,14.545656881078905,75,3,car_20
32.131316305960475,6,312.31209810812544,250.0,2310.02108641884,24.723522471598994,72,3,car_21
31.820673762799878,4,283.68902736480123,209.6151448667599,2276.561639679814,23.510783254157914,78,1,car_22
14.466381581242384,6,459.71831491094724,250.0,3775.979136329468,18.22755053880781,82,1,car_23
28.408451602577667,6,368.9921466756524,250.0,2952.580848512775,21.37468538550449,77,1,car_24
34.63264725637869,4,287.36268811244986,250.0,1803.273925757292,17.89578703083979,73,1,car_25
36.495803051225955,4,229.20738241851325,166.56080373871782,1911.7566586694513,20.7616067743269,78,1,car_26
19.99056144732282,6,364.6899389716567,250.0,3182.812161798336,16.04656842265941,75,3,car_27
27.345366758625346,6,301.5160517509235,245.93297629167864,2569.4348596073596,13.864320050527777,81,1,car_28
38.2966845648721,4,264.97703492721405,245.44785172359514,1695.0174830186188,26.58075034950341,73,3,car_29
25.36457379590124,4,300.9262248010219,191.9525407244555,2832.858663008715,13.447527137121373,76,1,car_30
25.023834141876183,4,312.45678511041405,250.0,2234.4839704964506,19.15819042267727,76,3,car_31
16.10278048259515,6,498.4747986716999,250.0,3772.11449744469,17.585515558089824,81,1,car_32
18.481661418076737,6,374.984341150958,250.0,3156.2502479151226,18.891766504653432,71,1,car_33
29.879276895592234,8,317.22884010737357,193.04746996437274,2628.399011037452,17.602548190387004,78,3,car_34
17.73822524085009,8,433.22240899191917,250.0,3481.846292983315,16.780404177332365,80,1,car_35
20.0074466994227,6,452.11423179061217,250.0,3503.032605885609,17.41220259428537,74,3,car_36
8.0,8,500.0,250.0,4266.171345645963,17.673434098376394,76,3,car_37
26.924197357594167,4,322.08789800665727,208.31231642169044,2568.83801401693,17.92571290169238,73,3,car_38
14.941543954265729,6,500.0,250.0,3686.8365980750896,16.608079964450223,75,3,car_39
16.400756171411984,6,374.3617302761044,250.0,3241.353832204528,13.295316338977347,82,1,car_40
30.75814966041682,6,303.27288594296596,250.0,2470.0400861371627,24.07100732295497,74,1,car_41
24.25083161846176,6,296.46473962430935,198.6139502246408,2594.7192584520685,19.512378189455028,72,2,car_42
35.88000808542585,4,229.22723390759924,250.0,1948.3275959519588,19.178392687960507,77,1,car_43
8.91775070427276,8,500.0,250.0,4478.324549241138,14.148273567740032,76,2,car_44
13.719737314974035,8,487.03793622191614,250.0,3834.3094354168834,13.654847986033582,80,1,car_45
29.643417292755313,8,320.3869521562058,193.87434745642454,2566.31426551389,20.51364507862872,70,2,car_46
29.668168917658317,4,277.83128769059886,250.0,2366.6164303167493,17.65379641442964,81,1,car_47
17.30343248784741,8,436.0385288102619,250.0,3427.5497733207535,18.93564398039793,79,1,car_48
26.03621982924118,6,320.7984911124718,250.0,2726.915470665833,13.716634128230716,80,3,car_49
32.09846824103784,6,357.9044801179601,238.39859342644064,2273.7532277461455,22.866811304183752,75,3,car_50
30.207449149248188,4,265.3290082216739,217.00299850389032,2108.075414608256,21.096056891620055,75,1,car_51
26.6762228185192,6,338.4406187457832,250.0,2686.926456232974,17.5698854654731,74,1,car_52
18.263994139427073,6,350.10779433663805,250.0,2773.019311995477,19.129856943273246,80,2,car_53
21.33221085093193,6,354.4705412041851,250.0,2660.3789399317916,20.062634138672653,70,1,car_54
15.637469521655017,8,457.52001787679325,250.0,3841.3847107236056,12.647673638032984,76,2,car_55
23.784652175495136,4,360.995804905478,250.0,2787.0774744894366,22.746403199674326,73,3,car_56
21.742789439417894,6,354.03832911505424,250.0,2872.361512934831,19.07742148131407,78,1,car_57
36.06175726072517,4,226.8934511027623,191.61767488633959,1807.7148808792274,16.57997825652266,82,1,car_58
31.061459584863666,4,246.16103703417912,245.16832998362807,2069.3611378441924,15.140863892162123,78,1,car_59
26.727064806349578,4,285.00988765439104,179.956769631964,2566.2712610159056,20.895021963136237,70,1,car_60
25.636034843496784,4,309.7130303620088,175.30308290941758,2516.725013938744,18.61675257774227,75,2,car_61
25.2847207982888,4,261.0743596812391,249.53808992050585,2256.8742827262113,19.69092842607007,70,1,car_62
35.452988106049695,4,263.2354092549188,172.8473257675754,2134.8573084072677,18.445136355261575,76,3,car_63
30.983509944107734,4,285.0733513931747,212.87964836993265,2179.3851723600997,15.312383760111747,72,2,car_64
22.025984625005744,6,415.7625466618929,250.0,3297.7888659831547,18.728064503801196,79,1,car_65
30.021050502810134,4,291.96753495228813,208.23353507815963,2279.0318033337426,17.628362779214886,76,2,car_66
36.28043175027538,4,244.236401086672,137.05855934034062,2067.523635077283,18.3674029854433,74,1,car_67
32.51490358577849,4,266.1703301142161,190.1551605819843,2150.6930493675654,25.480315067749164,81,1,car_68
30.107651402398737,4,302.1499323109126,250.0,2258.3465419749004,20.848860871319225,79,2,car_69
31.307880867225705,4,283.3976289909625,226.560845608371,2222.7885791050594,21.057506150168717,78,1,car_70
14.617566506073473,8,500.0,250.0,3694.816660184783,24.96675272212789,74,1,car_71
22.663443485866686,6,341.64636386544345,250.0,2696.250273193464,18.957471343346896,73,1,car_72
41.833608335958445,4,171.59607662656202,173.3907009325268,1500.0,19.35912260934794,77,1,car_73
27.825120257670843,6,319.34504396586215,235.14156015894832,2916.4499918040847,15.54592796002219,80,2,car_74
40.17173426905863,4,229.51604706556304,99.27054563141468,2105.8187886933993,17.036525636624564,80,3,car_75
17.60429754083431,6,445.50846095985634,250.0,3357.252768149574,11.001435932205794,80,2,car_76
14.173377560553323,8,454.37695882320554,250.0,3675.369554452,19.195900461967724,70,3,car_77
23.58857457575708,4,339.2133220318607,249.00109712871946,2757.5686390793016,13.941668368989497,82,2,car_78
27.045844938920368,4,320.94295326562167,250.0,2521.456155572015,20.68675179029525,73,1,car_79
27.969612806981395,6,322.24463901645265,223.76802370496893,2544.6194071553778,17.8263025419629,70,3,car_80
36.28644257277191,4,204.24772685315787,190.22725399721963,1563.1918661668237,19.32098427812627,77,1,car_81
23.110252202616998,4,276.3123900906609,250.0,2585.0408181019484,17.787855391464856,75,1,car_82
20.520844973210878,6,414.7047412490687,250.0,3234.401079305761,21.423822207343136,71,3,car_83
22.22938621582923,6,276.4855427688318,212.12911077414444,2280.071770870508,21.84825530893878,72,2,car_84
31.95719678350824,4,319.6152679457571,250.0,2051.1161168202234,18.362209666215907,72,3,car_85
27.03165285095679,6,270.241767015198,250.0,2326.647812801555,15.476339957958556,75,1,car_86
28.678728802335748,4,293.5393487461435,250.0,2585.1657514196354,20.686501564576485,79,3,car_87
31.25002734203262,4,325.9139988616436,250.0,2396.9059850730246,15.17936910068119,78,1,car_88
16.461887900796672,6,500.0,250.0,3897.622649982316,11.937793476663199,70,1,car_89
21.817069111673902,6,364.17258306058426,250.0,3003.68136850995,18.99136823695323,72,3,car_90
28.46692170670086,6,283.4279345848229,203.40207025932992,2271.3156155610723,21.884154149848605,77,1,car_91
20.076678483772692,6,368.9262692877789,250.0,3044.6840724060758,16.2400604242123,80,2,car_92
25.191173820559026,6,373.1915591894965,216.9003427128098,2928.0842606010183,18.785468804103264,70,3,car_93
10.964827852705469,8,423.42475231985634,250.0,3760.051095969155,15.492927468817745,74,3,car_94
29.93781428143057,6,345.31924633134423,250.0,2628.605944222952,20.037374101834505,71,1,car_95
28.61043799835823,4,240.69317105335926,202.14612705944208,2463.8603110365175,21.32122874820013,76,1,car_96
16.814271662554507,6,432.653933548182,250.0,3709.6162518552833,16.001788104698647,75,3,car_97
29.825666159386632,4,232.79575187895773,188.42926103953334,2028.7890725085263,15.388401454323887,72,2,car_98
27.117953561481755,6,336.30036103258277,192.1339253410116,2482.307361389202,13.646600830776181,82,2,car_99
28.544191418660894,4,250.47053009289002,163.82011807923357,2185.7007174821147,21.09136457989863,79,1,car_100
27.234910760405832,5,334.1273264091978,250.0,2793.806297409705,14.296494227466814,77,1,car_101
34.81158272598501,6,278.8031972890274,226.76234821836985,1806.503497777634,19.809569225829467,79,3,car_102
33.585657675393215,6,291.6475665329978,250.0,2052.2604708197377,20.77996073450781,74,2,car_103
25.703536624995493,4,328.24677159998373,250.0,2697.4997580829695,16.2985946062654,82,3,car_104
33.53946078991076,4,259.05949730450476,244.45221679471248,2045.816034102876,17.955551415357256,75,1,car_105
32.314972667104435,6,272.0667193419127,208.96805178742974,2073.2381128251354,21.423892229695184,75,1,car_106
9.953237637404303,8,500.0,250.0,4215.789838891093,13.859628799104629,77,2,car_107
29.031812445885414,4,324.05310418622,223.40555830108434,2415.668975805895,15.355196209091813,77,3,car_108
36.56288640490673,4,233.65116776241325,225.65270658168004,1778.1611534960941,18.018665182876695,78,1,car_109
34.422363023563655,4,272.6047623971554,206.78705379142966,2051.4321415738523,22.282305844655266,80,1,car_110
41.3939755532176,5,255.30644450186475,146.32541936307075,2144.4854075908634,23.187707876219942,73,2,car_111
34.45321012134565,4,322.12139495931734,250.0,2233.079519710337,17.970571418967463,79,1,car_112
15.62833199069966,8,420.5014343534632,250.0,3264.4771044576246,15.099158011407974,72,1,car_113
27.317606015594908,6,355.87700913640407,250.0,2502.4630289586953,21.189880818800063,73,2,car_114
33.80263075020135,4,231.4717932627552,247.68790461994257,1789.1992510536627,13.70291400396491,76,1,car_115
41.40712632405682,4,216.09837457345193,106.6410630858997,1873.3967985391193,19.36943576390515,76,2,car_116
20.977384357022597,4,368.1500445203055,246.64830614518996,3093.3796552118665,17.27487956627052,78,1,car_117
21.23266661067908,6,426.5406531059066,250.0,3266.8055582937586,21.114677972279384,71,2,car_118
24.540494635309482,5,279.3761927526115,208.67039876498143,2341.6739326040774,22.34338168631105,80,3,car_119
27.248202775461415,4,290.94886638284936,206.07375766391053,2290.558246613807,15.38185607954437,77,3,car_120
19.80412347720975,6,441.55549405486977,250.0,3804.66094705464,17.198373159370288,77,2,car_121
31.541828360942695,4,284.21170102809845,206.2257425092646,2247.701035929998,16.54048593734538,79,2,car_122
17.731921937263486,6,478.7252841078801,250.0,3235.1928004063966,16.384825044873384,79,1,car_123
11.477815160634403,8,500.0,250.0,4178.9362017421945,18.17322712193173,75,1,car_124
30.29886201190962,4,278.151281364451,195.81954979270634,2133.3904110677904,17.361927222656412,76,1,car_125
38.946886486409646,4,204.04135919935374,158.99236090672406,1577.4908831649432,19.50428548641913,73,2,car_126
14.86733076017205,8,418.11596809046137,250.0,3412.1124391717913,19.959704056667498,77,1,car_127
40.89395251197541,4,158.37453931887708,78.47481478470047,1500.0,23.545485171387778,72,1,car_128
22.189552169575876,4,365.25373696275324,250.0,2936.9606106777555,18.42907982375061,78,2,car_129
31.558091617162823,6,285.433283486349,250.0,2390.3656668678955,18.46293055425252,75,2,car_130
14.511659190361323,6,482.7540931240054,250.0,3934.8455828846572,13.243283938669801,73,1,car_131
15.434172591922074,8,500.0,250.0,3880.213749793316,21.377181612538845,76,1,car_132
33.78637481437989,5,239.95344962933495,166.3016219940293,2118.0139897389286,19.869089213745514,82,2,car_133
34.1035929677342,5,292.43100140097056,222.46805215346683,2139.9488213585755,18.7687265521015,77,3,car_134
22.279331082538185,4,368.34892511075475,250.0,2821.687074410371,17.933460592179713,74,2,car_135
33.39365568289966,4,268.6958312127744,123.69719428928296,2122.3663625967665,19.459594058068994,75,1,car_136
23.675166612849385,6,367.16092934061396,250.0,2996.3811065792815,19.818990363062916,77,3,car_137
37.02344923335137,4,214.29644062114957,200.80178928669034,1649.4628612979982,21.53718872909378,71,1,car_138
31.709642960139742,4,262.35101038049424,164.34959301701525,2344.5254628442726,22.98788022457554,77,1,car_139
25.258814292838416,4,331.2534385646599,250.0,2709.08475123751,18.51898077430034,70,1,car_140
32.27829605746666,4,291.26564352517755,248.09208565076963,2345.256740941394,23.417346916854818,81,1,car_141
35.37828188105031,5,281.062760083803,166.67691085654275,2300.5293124950585,21.372640525952626,77,2,car_142
11.74307416705058,6,474.57124462020806,250.0,3943.151143154005,16.376454713337573,71,2,car_143
21.432108801368177,4,332.38079198773835,241.2068228701299,2707.2013145301103,12.790677500139914,76,3,car_144
19.788866169706132,6,432.39281555466164,250.0,3097.2391578074767,17.659447635083474,81,2,car_145
19.90126559909608,4,352.46645383032853,250.0,3037.6334034484025,22.137800011222563,82,1,car_146
35.50552489368414,4,250.92085405416893,216.6942405942612,2031.301874048571,16.142908735554798,71,2,car_147
13.631538077492655,8,500.0,250.0,4136.970561444349,16.610417380943307,73,2,car_148
14.385486599658538,8,457.3589374351604,250.0,3577.6827942746513,17.41797393369068,71,2,car_149
28.768535186173224,4,332.595328041468,219.03365887653422,2295.4193151143622,21.030960460379237,74,1,car_150
31.435771441056914,4,283.66752135759486,225.70394573154695,1813.5582468858915,17.52300710976422,81,2,car_151
14.80468188752244,8,500.0,250.0,3811.126442128446,14.080722312505687,79,2,car_152
11.553120457741372,6,500.0,250.0,4103.45884737151,18.106547606299692,73,1,car_153
26.391399290095922,4,320.82029179466053,250.0,2826.14052535014,15.443698417537053,74,3,car_154
31.994136160662457,4,268.7333462023119,242.20273096664434,2210.261014673679,12.78322292889999,77,1,car_155
34.79589721441269,4,268.1758128997011,250.0,1934.9610213227759,24.08615475196082,77,1,car_156
20.40946942435253,6,374.29717204338033,250.0,2837.552547618313,20.443539438794346,76,2,car_157
23.644366510120072,6,316.2217406129803,231.01709840195025,2801.9305446340777,23.348232811617482,75,3,car_158
31.473341928306144,4,326.58448398215285,247.12347853542457,2350.5196977489127,20.771518561297697,82,2,car_159
26.3699121125936,4,289.83447613102794,167.77812459129422,2739.0303853510964,19.80206437972626,76,2,car_160
27.286713075391553,4,257.5057397288634,145.0612669492504,2435.253422995833,19.17335347726524,80,3,car_161
10.74353970232858,6,494.0873763451349,250.0,4379.643424735056,15.562271730578109,82,1,car_162
10.475434537495094,8,500.0,250.0,4076.1402974968887,17.9601794482184,74,1,car_163
22.44521368834675,6,418.1803553864679,250.0,3277.1378795720443,15.56316466730565,80,2,car_164
21.053595516524997,6,384.3459393633894,250.0,3146.0367681374223,14.146275714424922,80,1,car_165
34.619752694967694,4,226.7759799900089,164.93167988250045,1995.9248301304597,17.50739771910632,72,2,car_166
23.761461492599906,6,420.85084433486435,250.0,3236.651573520851,21.13782530053333,72,3,car_167
37.307457829507236,4,190.97289819366853,155.19677075499462,1500.0,15.302779939224248,72,1,car_168
38.164825799859706,4,260.0650245412114,176.11327246608116,2023.7328975235587,14.826717150076142,78,1,car_169
22.1002197890722,5,380.32507221409656,250.0,2888.139022206299,19.38578846593217,79,1,car_170
28.142533952391776,6,279.52022176371906,250.0,2484.3390698398243,16.770424816850177,79,2,car_171
27.79411901764772,4,343.47567907176483,218.3412057544559,2624.5195298282556,19.33196560565014,75,2,car_172
19.266464751221946,5,400.68065945846416,250.0,3224.5735689871817,20.244998726651154,79,3,car_173
10.556595259175165,8,479.15052468021,250.0,4029.8123015632486,17.854785151210386,70,2,car_174
35.22388891867612,6,214.2461186498034,141.73938320783603,1969.937411267595,16.633325852697062,78,3,car_175
29.384807578411536,5,253.77083935496282,250.0,2071.878571210647,22.27692285437517,76,1,car_176
41.71929849029247,4,214.69120170873992,176.72381690506347,1794.3888609925698,20.931979186817962,80,1,car_177
25.32000077047044,6,350.3894132227307,250.0,2599.7171802811504,17.980766382287584,82,1,car_178
25.86906769695359,4,345.02733931591825,250.0,2964.8300439121267,17.47042151439258,77,3,car_179
32.4057262988682,4,256.5968393998355,240.24708203304016,2305.4793636581376,19.31649825477283,78,1,car_180
38.90943480051949,4,255.77424098899084,176.55521375305494,1672.1233134281026,17.891925585796983,82,1,car_181
22.414867750899102,4,332.0871440980111,244.43571650076882,3009.286316891213,12.597099598948606,74,1,car_182
24.79910732349139,6,372.8333278493774,250.0,2842.534729420956,19.907938509364065,71,1,car_183
25.851870004039416,6,349.50922871551825,218.95181135279984,2915.0000073512006,19.657229052262327,76,2,car_184
24.078865722483563,4,358.71477474220046,250.0,2885.230542900781,10.711571560009046,74,3,car_185
8.80387921561206,8,500.0,250.0,3987.924830777885,18.044103597193875,78,1,car_186
14.384176850342053,6,425.5385101948301,250.0,3363.0044859032682,22.406446130765868,80,2,car_187
24.557076107852502,6,423.0065139465505,250.0,3185.539445167693,13.931545495311687,76,1,car_188
24.551800715392883,4,281.35827403455477,182.83655275027013,2355.631794406034,17.924494332921835,74,1,car_189
25.73657517239185,4,349.30908811483306,250.0,2737.263771167528,17.2167892864303,77,1,car_190
17.567545449763543,6,464.0481769581462,250.0,3450.5009514002913,22.030734851712356,75,2,car_191
32.52045717948367,6,283.39443827562064,250.0,2060.154568515158,21.802686563955724,72,2,car_192
27.718231773490885,4,325.1493253947392,202.1599289742552,2342.705350419637,15.52204621004307,80,2,car_193
29.97260101366899,5,321.10135765973416,214.8388397997208,2463.8927512174696,19.06246281885811,74,3,car_194
26.715325716851893,4,318.1189593965134,250.0,2641.971536858579,24.766044859974,77,1,car_195
34.932559981492716,4,324.1525685988054,250.0,2450.996938670667,16.17487936390592,81,2,car_196
29.54113622515471,4,288.5802615363823,198.88366182516086,2503.730403638383,17.96280824538362,72,2,car_197
27.4276191541589,4,360.5174696468271,250.0,2860.2968612911445,19.180225049171714,75,1,car_198
25.684245089452222,4,314.6679590469305,206.48046139519897,2459.46268800717,16.210373662835057,72,1,car_199
15.176707434521314,8,500.0,250.0,4003.3530860592136,21.786256168919024,75,1,car_200
23.761959527801558,6,334.4553925475205,248.56608207587573,2954.6741267314283,16.127320972418005,73,1,car_201
30.873987457336323,4,313.5379579577313,250.0,2234.035925273389,14.098858687354028,81,1,car_202
29.887431022901833,4,265.46521990618913,215.7179600138564,2454.995153533342,16.47005872971779,73,1,car_203
21.973879694167525,5,412.3955689532163,250.0,3491.1965734106575,18.96786368514785,77,3,car_204
37.53717656118939,4,235.83516798798777,150.56947180509388,1882.3500448964226,16.223127577840817,71,3,car_205
19.657034546513458,6,358.45761201227356,250.0,3104.2660330522112,18.302332133549097,75,2,car_206
32.33314108479342,5,272.75408057617904,167.05443583607558,2117.5380741945696,20.070113246230427,80,2,car_207
14.071461984007817,8,500.0,250.0,4057.135675065395,12.816062198695644,78,3,car_208
40.81498728545894,4,227.35422958942834,113.2714002673528,1710.55093520708,17.098342412010247,73,1,car_209
8.0,8,500.0,250.0,4193.295032777059,17.353617545837142,82,2,car_210
29.454431340861596,6,322.58355536572503,250.0,2439.2173218786666,20.168019158131877,80,2,car_211
12.87513120336928,6,464.77185603271846,250.0,3707.9012904613996,15.175746650235684,75,3,car_212
22.96497843320094,8,366.1548622444862,250.0,3065.0666616209287,17.890250269123158,82,3,car_213
33.06569252150985,5,233.67443528044532,145.00294255938937,2079.033410541199,17.569157840221514,72,1,car_214
40.40417753798778,4,206.41165076367756,135.73727084420776,1500.0,21.18355051240178,74,2,car_215
20.97428718872001,5,358.4676899570701,250.0,3018.369166680634,19.03987157081619,82,1,car_216
33.48038785917094,6,310.0108095146234,250.0,2283.6894598917515,17.09586149452123,82,1,car_217
17.865281026992907,8,500.0,250.0,3569.933834878214,18.36539771871026,80,2,car_218
32.92972137457151,5,306.2561139488607,247.95664365831817,2300.436182144728,16.961768702477173,72,2,car_219
31.4349917666694,6,335.67149612293963,250.0,2852.3039641987807,19.019781898870654,72,1,car_220
27.23124082754482,4,318.8775785654465,250.0,2548.577252728003,19.365306383305764,78,1,car_221
35.79075424176407,4,278.68263005917504,233.32022542557883,2122.4614461221618,25.490678139583363,70,2,car_222
25.745899994696572,6,313.6390018812026,244.11280146144034,2520.2076797478226,16.971005593939843,82,1,car_223
38.09891517439449,4,256.82970406004927,148.90348098638336,2059.117567083745,18.017076972025777,82,3,car_224
36.20212004658716,4,187.02519981084254,187.77649174145705,1620.5813082596055,16.937723890564023,80,2,car_225
20.50682744559529,6,439.8819321800869,250.0,3196.7134725555657,14.20481543407685,82,2,car_226
24.871863157663036,6,367.4379612261716,250.0,2919.033098442469,16.21158542078027,72,1,car_227
27.917662557713488,6,326.3670121793332,250.0,2635.7915517429706,19.859510533920744,81,3,car_228
21.721687092203503,4,381.59592662737236,250.0,2779.6933802481276,19.932691213799792,73,3,car_229
32.0887623788212,4,273.3247023758605,229.19571546449149,1910.781134759957,19.476258399302033,71,1,car_230
16.79587961111813,6,477.02703029717355,250.0,3743.2745585809107,15.869430799829356,73,2,car_231
11.623660025426997,8,500.0,250.0,4001.704856654025,15.018170185553547,80,3,car_232
30.83417046204179,4,243.42266193016056,206.48510870936227,1949.7905004523905,15.799717968161534,82,1,car_233
24.520241180674205,6,362.93767432179766,250.0,2792.231698305732,16.03710549880525,77,2,car_234
24.43799303556023,6,364.49059231330745,250.0,2796.4578199130347,13.818158002690138,73,3,car_235
14.87462964169732,6,487.2251306816684,250.0,3818.7657811574936,20.75480915446949,77,2,car_236
22.178289123904733,6,389.8471331970754,250.0,3178.4814178463516,22.832973041119782,76,3,car_237
32.847769993749466,4,250.65141721172182,197.16676711448437,2254.135539052438,12.438276200447781,76,1,car_238
27.737117940170936,6,343.29053870557277,250.0,2302.244932355758,19.065545981196074,74,3,car_239
26.65462460566766,5,297.65374974933275,250.0,2505.8304222550273,18.812245443813055,71,3,car_240
30.84654011680992,4,310.08777933806886,235.6070863917034,2458.471902465855,18.66795446630454,74,1,car_241
19.383596236581806,4,384.33746292016133,250.0,3179.8441595810577,15.54192287677992,81,1,car_242
28.39236212074681,4,270.0976184756907,226.70038600094347,2397.889615257723,21.16965226100935,75,2,car_243
25.500349159716144,6,319.9883854270244,230.33864857048687,2408.8818682528804,19.322550036482802,70,3,car_244
10.71968946895241,8,500.0,250.0,4188.86093557945,19.41350432631205,74,1,car_245
30.000211146908665,4,325.38813429560724,250.0,2352.2965014992724,15.935167560262313,75,1,car_246
25.708151701758357,4,285.9555452346517,211.38243892725464,2313.164208430665,14.037287377595545,77,3,car_247
10.409407584689184,8,500.0,250.0,3951.4966461328036,17.853219942613254,78,1,car_248
33.31838623412857,4,232.6196064539505,152.83889916023907,1870.2127452330817,15.740956077312159,75,2,car_249
40.022039849156855,3,232.7079848902756,185.0090173968152,1663.8570221523048,21.999941795349315,71,2,car_250
23.202427249016708,6,305.94227169935994,227.58486397724334,2534.91486480492,11.585221192064582,75,3,car_251
9.390713976188726,8,500.0,250.0,4317.257453102956,14.777122862190465,70,1,car_252
23.812551502877014,6,407.0727203264952,250.0,3062.210388448686,15.590024068592115,76,3,car_253
25.33173941915616,4,342.73154575394705,250.0,2779.781470364221,16.723088604139292,75,2,car_254
22.447735357531688,6,342.7577717714113,250.0,2913.236798387093,18.370060417502522,74,3,car_255
25.364523498929373,6,358.68911155425883,250.0,2810.1647468009805,18.878542461203207,78,1,car_256
18.460419439995217,8,424.8903496016998,250.0,3671.20138112493,18.748011425819158,79,2,car_257
39.42981714897107,4,213.98857776104856,141.38147621990026,1625.9709538046454,21.138988139064246,73,3,car_258
12.984002623694368,8,428.64054625460375,250.0,3405.865429397071,16.579557768587637,76,3,car_259
21.54381526036805,6,449.39781391061547,250.0,3396.5516719996094,23.429561413119764,76,1,car_260
25.061352296630066,4,369.28286688294304,209.44997587485608,2979.5810064775023,21.681689995393462,76,2,car_261
37.0692010461425,4,203.9604034494235,222.84099581276436,1632.287816695182,17.931747536320735,75,1,car_262
22.512079681459543,4,301.5681111195107,245.32464395666324,2539.725137925059,17.549653785649006,72,1,car_263
13.246640572926967,8,500.0,250.0,3872.758791915541,15.628097829983705,72,2,car_264
36.66321832137026,4,229.90612745732636,145.98632186676625,1702.8498947484961,19.887045946833236,70,3,car_265
16.40471094850262,6,404.870083228578,250.0,3331.45908940862,14.252727420162831,70,2,car_266
23.36959317252984,3,325.6862783821311,250.0,2884.9283250719614,15.246459292156185,80,1,car_267
14.931836395660072,6,440.37782369167337,250.0,3648.8246390595837,10.349076624697288,70,1,car_268
14.984655319431853,5,408.565914709168,250.0,3638.009767395573,15.666009846284897,81,1,car_269
20.45405461579856,8,410.30495447809744,250.0,3393.50113006917,20.300776421852838,81,1,car_270
20.076185336272246,6,402.8019912789673,250.0,3326.2745014026123,16.71742243814899,73,3,car_271
23.432878314191946,6,332.87186083346376,250.0,2798.8334628016937,17.41268071275931,75,1,car_272
20.995488148442153,6,339.4027160984381,250.0,3012.855879943337,18.321621551623196,74,1,car_273
17.918907159460478,6,389.11007852695025,250.0,3360.3946414390393,14.13289306017558,75,2,car_274
14.231145890965024,8,500.0,250.0,3783.024353378246,16.792834284554466,74,1,car_275
20.61561595607754,5,399.04182162052416,250.0,3352.4509504862076,19.81853753601027,74,1,car_276
9.462886664336738,8,500.0,250.0,4053.0713011597018,17.366618198676242,78,2,car_277
36.96512892134323,4,259.9370594571391,214.46914658758308,2040.6894724793276,21.3938047213058,75,1,car_278
34.93963177512778,6,300.21253976856076,209.03844440404336,2047.114487057002,22.245281231748976,72,2,car_279
10.182595255410803,8,484.1613323490605,250.0,3565.2584767404283,18.922510808172994,74,2,car_280
13.462307526297554,8,500.0,250.0,3927.10655597738,14.432792371482444,82,2,car_281
30.26084164966735,5,347.3772871955204,250.0,2486.0999958772145,16.981493913262007,82,1,car_282
31.95644069858045,5,288.07011296776807,230.57428906359758,2235.809539991362,24.058657018908544,70,1,car_283
11.919447458039643,6,478.0127204642629,250.0,3966.9700142664947,17.475535525719,77,2,car_284
33.42567051191949,4,266.6529671582264,209.04251044074437,2017.0324725745797,19.025837296742612,82,1,car_285
12.998874664925072,8,500.0,250.0,4016.6925205502475,13.903429458327887,72,1,car_286
39.8635710576584,4,232.9881155648947,194.0418083422147,1649.9145328633442,18.57570200029069,70,1,car_287
27.712506476368446,4,283.3927169754773,190.02681584474834,2326.8951927979847,20.322225565660375,72,1,car_288
18.228677887674806,6,399.0313180786837,250.0,3293.8776229233827,17.25065950856602,74,1,car_289
35.42081874920603,4,306.5774356783535,233.84334102408914,2168.0326340239994,16.77383266142406,82,3,car_290
29.945549837789677,4,304.25738517010797,250.0,2283.681822041266,17.354159689116475,73,2,car_291
36.59383900934516,4,285.348346747408,237.0796375957369,2029.3527204977931,22.0461232335505,74,2,car_292
22.132084095925794,8,462.6683613112391,250.0,3803.189849853483,18.70015258813923,73,1,car_293
12.644363008293624,6,480.7192106698733,250.0,3878.5549974686223,18.223565683118085,75,1,car_294
9.626220735069484,8,500.0,250.0,3990.057641152884,17.832588775693107,82,3,car_295
35.856512744734005,4,238.52950517722454,163.12877134736144,1882.5797337895324,15.068330388504798,71,2,car_296
40.52732530512806,4,199.72714838665368,191.87712490654312,1662.3842741797475,19.654662986068054,75,3,car_297
31.90057843704043,4,297.646200796851,227.30873982097995,2449.739904777089,21.254282526913283,77,1,car_298
37.85326218066682,4,297.00396822080893,176.58396873958915,2276.9162470037627,17.440319129335503,71,1,car_299
33.79108725765601,4,268.0980617164205,206.67492048268318,2017.6651329572808,21.414619054125193,70,2,car_300
41.52931062121668,3,186.7101214342787,157.02768892215153,1500.0,20.635680155563684,82,1,car_301
37.33338882694337,4,215.85445845050913,139.9433388542999,1688.8886880041268,21.29412983966599,73,1,car_302
10.277286373338384,6,400.4235850389867,250.0,3615.525125321757,17.037284334349486,73,1,car_303
36.78762335233895,4,232.18090050251038,182.8854069360442,1780.668269545867,21.379088414106615,74,1,car_304
9.634857276353971,6,495.76783081335003,250.0,4024.075708929676,12.081879450808406,70,3,car_305
26.954537204708473,4,330.77503533593,250.0,2739.3855803440697,17.860051580176066,71,3,car_306
22.86244887735899,6,302.5662372450613,189.59067534866057,2700.6347560833287,19.938409827149233,70,2,car_307
30.098980986420614,6,278.9381996284727,250.0,2069.268678678555,19.319629900059308,76,1,car_308
18.724438124409527,6,398.8183028301035,250.0,3458.475988469162,20.32839497954295,76,3,car_309
23.68856806167392,6,377.9641063187571,250.0,2994.233735685889,17.034469788725676,73,2,car_310
20.360785168343643,4,338.22407817091727,250.0,3206.0616712966184,15.651572509688206,81,3,car_311
38.240247297498,4,268.9821102884202,146.14474536012852,2224.377326152591,13.35839767636033,73,2,car_312
42.96646498357954,6,239.83601490988497,149.60570572847297,1672.9022934089062,18.0081982054724,70,3,car_313
20.01608006852605,8,392.59273180118646,250.0,3101.3101198809145,18.949314720578972,71,1,car_314
26.047011941178873,6,348.5496689203815,250.0,3055.651222828703,19.727374318418626,79,2,car_315
29.535805620251335,5,351.0365486134742,225.45639346079082,2824.600619790039,13.477842635241897,76,3,car_316
28.47396433565386,6,313.10014862388266,216.25062181746284,2492.8761074716404,21.533099271508256,73,3,car_317
11.886400336315797,8,493.6139142884904,250.0,4092.71074708146,13.4840267895294,73,3,car_318
36.76716716131658,4,225.46727499867796,199.28807791025986,1734.7386618559128,18.4018169142601,72,1,car_319
31.726766142023788,4,256.83592968221996,223.17757881903603,2012.5408023011723,16.78101005272621,75,2,car_320
18.272132905924934,6,435.41308643705605,250.0,3294.3697895101386,18.45737986198702,79,1,car_321
16.182962838200908,6,453.22127538572255,250.0,3971.534359279058,16.810689793346477,78,2,car_322
32.62269223919265,4,293.69963346472844,250.0,2105.0748118683214,20.4288308542412,79,1,car_323
37.521707335493645,4,185.52054564881763,205.74139418064328,1518.0576971432388,24.513356146429917,70,1,car_324
12.295234596888294,6,463.1250765757401,250.0,3800.9775222223075,17.892579896797933,77,3,car_325
24.63939916046939,6,336.0216429251412,223.02985496075163,2685.442919417437,16.084518164679825,79,3,car_326
23.05461929628371,6,397.0433529951081,250.0,2925.5742648629,18.957632817803766,72,2,car_327
30.648472968714596,4,328.1497475621977,250.0,2425.445174955355,23.909972565256773,77,1,car_328
27.06837665673868,4,291.11690741462235,223.56779966063255,2433.4386429883025,20.035582148498573,70,1,car_329
26.85764789619063,6,368.7045892667893,250.0,2793.6608524150834,20.543419974764884,81,1,car_330
31.732465858692816,4,318.54950571359194,250.0,2133.9926012110427,13.5852780490943,79,1,car_331
20.20805291330191,5,399.6886912181228,250.0,3274.9051943028026,18.385730602569325,78,3,car_332
30.96331967327527,6,344.3398936207339,197.29899891141264,2580.220072974715,17.115726677248325,77,2,car_333
29.936893269802905,4,306.1517435818789,217.23084971185833,2575.457803369082,15.884167610413668,78,1,car_334
15.407170899809064,6,426.80971206513254,250.0,3374.1534368762036,17.058894581347012,75,2,car_335
32.88863110597685,4,248.23940975487753,168.7268885379823,1935.9528123362595,18.889949131555184,82,1,car_336
28.443251841705134,6,296.8220674935992,245.09050486947638,2385.0241765522087,16.241800117471875,72,1,car_337
23.959733708882787,6,397.08981261019915,250.0,2949.019834869517,18.116371445756666,80,1,car_338
28.140279280365093,6,375.1053449487952,233.1212812328274,2835.7521420708395,17.1437865645325,79,1,car_339
15.771858781593224,8,468.3832266321514,250.0,3695.0810033062785,18.912235620242072,80,2,car_340
34.3248205547257,4,312.2888255203443,250.0,2269.4420192086404,18.91328250325308,70,2,car_341
11.718137081310838,6,471.84423518813855,250.0,3917.517413397437,17.710252663150456,75,2,car_342
33.78705563734936,4,237.40350082774998,219.71585405694097,1837.7522105243818,21.600411695535605,78,3,car_343
20.77809970341897,8,424.45709048206805,250.0,3105.769403526363,19.059098175991277,78,3,car_344
32.349715006687646,4,243.40949336181612,245.08382226208568,1835.4701511367232,18.646276671035892,78,3,car_345
19.04108765295689,6,453.1877302758675,250.0,3645.7423551913216,10.593482794759478,78,3,car_346
24.65138397604391,4,275.4527456473745,250.0,2114.4038744766185,19.926780106908414,72,3,car_347
30.9533723118325,4,270.3922356659084,180.55649112147972,2243.101062606405,15.521129030622468,80,3,car_348
34.85370845325223,4,243.85921310273415,250.0,2065.6809747244006,18.17560555117472,76,1,car_349
29.229888608937365,4,252.79514870888931,166.07675799240914,2502.7012448617375,19.110439710917603,82,1,car_350
27.15667096775281,4,323.3032100663374,250.0,2816.5545208028443,21.682532550570794,76,2,car_351
46.39323739957116,3,224.29889495750507,141.36576543064012,1500.0,24.526968404350665,76,3,car_352
18.719295893106494,6,435.2766336810031,250.0,3410.16657244829,14.326178566937465,77,3,car_353
39.39546065986639,4,235.9137564033404,174.23523617497221,1833.9817927371298,14.718429578175478,81,2,car_354
35.20763397647327,4,277.87584984882034,250.0,2338.0209832754904,19.139130524284983,81,3,car_355
16.698432096127142,8,484.9245851662807,250.0,3692.6794671899033,17.53460379492378,77,2,car_356
23.301533848491182,6,378.2601563929342,250.0,2919.830818303806,13.974541547923893,77,2,car_357
46.31616329356265,4,157.38558555632892,40.0,1500.0,18.95019099420975,70,1,car_358
37.71705976039402,4,240.10016962524622,250.0,1800.348212303668,20.492274624936602,70,2,car_359
36.095623457309955,5,239.7080801131931,194.687433115155,1804.6715314551293,15.004873302008091,79,1,car_360
25.20556578957552,6,364.64493060822144,173.97474136925487,2854.5582822944934,14.661685541312773,74,1,car_361
20.500251686190115,8,485.32827604237787,250.0,3645.3236609550713,14.922196532958171,75,2,car_362
24.76718529949931,6,314.9028384674201,250.0,2715.6278556195393,17.14759139737021,78,1,car_363
15.786577508394489,8,487.1664586518049,250.0,3991.774441781116,18.590140075545282,72,3,car_364
27.998377741969406,6,352.95562483083233,250.0,2533.8790441037686,16.98667893517046,74,2,car_365
17.275467015811394,8,500.0,250.0,4005.1945878334855,16.660755890240026,70,2,car_366
13.587894952846511,6,500.0,250.0,3686.94902405149,23.551584466668384,79,1,car_367
18.08556689882844,6,371.7808830504598,250.0,3242.698209609005,14.388370942354753,76,3,car_368
26.856137886628556,6,309.64826714541493,250.0,2800.007811794645,15.741011996301493,72,2,car_369
22.824696604040394,6,338.51162146616804,250.0,2696.945512951635,19.837321109921106,77,2,car_370
30.461884881637985,4,308.1684455616494,237.38336547877913,2294.8185310222616,21.16931104237602,71,2,car_371
42.94580214364955,4,232.67680870166436,123.32049659360467,1728.5606040941996,20.015842016843784,80,2,car_372
35.63770396185301,4,204.61254674923293,154.62320384753224,1546.1519575387024,24.380750748757304,73,2,car_373
34.138565529194395,4,256.23709864136737,226.04897492889472,2028.531341946019,19.42383646266995,73,2,car_374
12.828424178498022,8,500.0,250.0,4274.093929481265,10.297595019989313,81,3,car_375
12.949435938230874,6,470.6823909814661,250.0,3956.5794899135417,16.834407572428535,79,1,car_376
23.410670895053208,4,311.6198502695508,250.0,2687.1597029032255,16.099889424804246,78,3,car_377
28.926067846966426,4,284.2233204553249,248.61299850089532,2307.9022177771685,22.343533028789658,77,1,car_378
34.289697810178374,4,253.76558111906442,191.99932273315852,1799.4023041641722,21.59446988848091,76,1,car_379
32.02449316715729,6,281.5832273524679,246.0619208816548,2098.6544768934173,13.632273193724751,72,1,car_380
24.31404983137025,8,344.6592967680531,250.0,2769.418626774911,21.781535563987713,73,1,car_381
38.831739424007814,4,231.68427823391238,125.75224016028946,1613.2542065024807,21.704849099893757,82,1,car_382
29.338536050423134,4,296.98583169846097,250.0,2436.683243698109,17.089930368999408,81,3,car_383
14.91754201248277,8,500.0,250.0,4161.024704282069,16.103649612620753,79,2,car_384
15.11966515910345,6,464.36495317613947,250.0,3823.9887038007805,20.85254241960878,81,3,car_385
15.532268150596927,8,492.2064603709477,250.0,4038.689577551248,10.546774675123894,80,1,car_386
42.56105582036026,4,216.01440544212147,218.20021413636226,1500.0,20.336194015119087,75,2,car_387
27.40460856409141,4,291.48360069866885,174.11303436258055,2598.53996492357,21.18168894045153,79,1,car_388
26.445185550544316,6,374.45914211872116,250.0,2682.1960709433665,17.55166483692053,79,2,car_389
34.12817722516866,4,246.92818436100754,186.68991144236085,1944.8756321188957,20.49885380730647,71,1,car_390
12.973357202421042,6,432.80182633833203,250.0,3586.123319463871,17.2233402902096,81,2,car_391
30.61460751502557,6,289.30331995255347,218.44446695325482,2386.1460648173925,15.761736126046854,76,2,car_392
26.92990048596312,4,320.94247653759555,250.0,2311.972546891572,15.76093740086567,74,1,car_393
23.8700542986126,5,402.21693920239983,250.0,2998.0703890384593,19.637717413098873,76,1,car_394
8.48114503144342,6,496.68770644862457,250.0,4030.915976070353,14.561963847315194,74,1,car_395
12.132733805404136,8,499.4132333218862,250.0,4097.474869328988,11.828782315483735,74,1,car_396
19.056599790398472,4,398.1371923518107,250.0,2963.6567698919202,17.903539305272577,77,2,car_397
